Adventure Time,Cartoon,2010-04-05,100,
GOT,Fantasy,2011-04-17,80,
The Promised Neverland,Anime,2020-09-01,78,
Witcher,Fantasy,2021-08-23,56,
FullMetal Alchemist,Anime,2003-10-04,100,
Parasyte,Anime,2021-08-23,125,
The Matrix,Action,1999-03-31,100,
The Matrix 1,Action,1999-03-31,100,
The Matrix 2,Action,1999-03-31,100,
Avatar,aventure,2022-12-12,0
The Matrix 3,Action,1999-03-31,100,
The Matrix 4,Action,1999-03-31,100,
The menu,Drama,2023-01-01,45,
Killer,Action,2002-02-02,400,
HummingBird,Fantasy,2022-05-02,0
Movie,Fantasy,2021-11-02,0
